Age,Monthly_Income,Purchase_Count_Last_Year,Uses_App,Member,Customer_Segment
18,12000,2,0,1,Low
22,18000,1,1,0,Low
25,22000,3,0,1,Medium
28,28000,2,1,1,Medium
32,35000,4,1,0,Medium
35,42000,3,0,1,High
38,48000,5,1,1,High
42,55000,4,1,0,High
24,26000,1,0,0,Low
30,32000,3,1,0,Medium
45,62000,6,1,1,High
27,24000,2,0,1,Low
33,39000,4,1,1,Medium
40,51000,5,0,1,High
21,16000,1,0,1,Low
36,44000,4,1,0,High
29,30000,2,0,0,Medium
31,34000,3,1,1,Medium
43,59000,5,1,1,High
26,21000,2,0,0,Low
34,37000,3,0,1,Medium
39,49000,4,1,1,High
23,19000,1,0,0,Low
37,46000,5,1,0,High
41,53000,4,0,1,High
28,29000,2,1,0,Medium
19,14000,1,0,1,Low
32,36000,3,0,0,Medium
44,60000,6,1,0,High
25,23000,2,1,1,Low
