study_hours,attendance,previous_marks,final_marks
8.0,87.8,51.6,76.5
4.9,98.5,85.5,83.3
8.7,72.5,78.0,84.8
7.3,52.9,41.1,48.6
1.8,45.8,89.8,59.3
9.8,57.6,83.4,84.4
7.9,52.3,50.6,58.8
8.1,82.3,81.0,88.4
2.2,51.7,40.9,47.1
5.1,72.8,90.0,76.1
4.3,83.2,71.6,68.6
9.3,77.0,70.8,83.7
6.8,56.0,40.0,59.6
8.4,89.2,84.3,87.0
5.0,84.3,36.6,56.7
3.0,85.6,48.2,61.9
6.0,52.2,42.9,47.9
1.6,51.8,77.7,54.0
8.4,96.0,45.9,72.1
6.7,66.9,85.1,78.5
7.8,61.6,71.1,77.1
4.2,71.9,37.0,51.1
9.7,81.5,35.3,62.3
9.0,97.6,37.8,73.0
8.0,60.8,68.3,71.8
2.8,95.9,79.1,78.1
5.2,46.4,48.1,49.7
1.4,75.5,81.7,64.0
2.4,79.9,38.1,49.8
7.1,50.8,79.1,75.9
7.7,52.7,86.0,80.7
9.7,68.1,77.5,79.9
3.9,98.1,73.4,76.7
4.3,77.8,81.1,71.3
5.2,96.3,37.2,60.8
2.7,89.2,46.1,51.3
2.2,70.7,41.9,48.2
5.3,88.2,62.7,68.5
3.0,46.0,76.0,55.4
7.0,51.0,69.7,70.9
4.9,90.6,81.8,80.7
8.5,88.8,43.5,68.6
7.3,57.8,75.4,78.7
3.8,74.2,45.6,52.9
8.5,78.3,49.9,70.8
8.2,92.7,74.0,86.7
4.5,78.2,88.9,77.1
3.6,67.7,68.6,64.7
7.1,65.6,38.0,55.6
2.3,68.4,68.9,58.8
2.8,80.9,37.3,53.2
1.1,92.7,83.6,67.7
8.1,70.0,74.0,72.0
7.0,58.6,44.5,63.1
7.3,58.0,40.0,64.3
8.0,86.0,45.1,67.8
5.1,89.9,88.9,78.1
6.1,50.8,60.2,60.5
2.3,48.7,78.1,58.3
2.0,77.7,70.0,61.8
7.0,53.0,66.5,64.3
5.2,90.4,43.0,63.1
6.1,62.1,87.0,79.5
7.9,52.9,51.6,58.2
6.7,95.7,66.8,81.1
6.0,54.1,73.5,74.9
6.0,60.7,70.7,69.7
3.7,53.4,86.7,67.7
1.3,51.4,43.2,39.2
4.9,46.2,63.0,60.0
2.9,48.0,57.2,45.0
4.7,54.6,61.1,59.5
8.7,47.9,41.6,57.4
3.1,77.5,42.4,57.1
1.5,82.4,50.3,51.9
3.5,66.6,51.8,59.4
3.6,62.5,58.5,53.5
7.0,72.7,68.6,76.0
6.0,93.1,69.9,78.8
8.1,91.8,57.6,74.6
7.0,47.4,57.5,62.2
4.7,55.0,47.0,55.7
8.3,58.0,67.4,72.2
2.5,58.7,52.4,44.6
1.2,76.4,37.0,43.2
1.8,67.9,58.0,50.3
7.5,47.7,61.1,63.9
5.2,65.5,47.4,56.4
2.5,73.8,66.5,55.8
5.5,50.6,66.1,57.8
2.4,90.8,73.6,70.4
7.3,47.9,70.6,67.6
5.0,95.9,70.9,68.6
4.4,50.5,52.4,55.0
3.7,91.4,78.3,75.9
6.7,94.6,65.2,75.7
4.3,98.9,58.7,65.1
1.8,89.1,69.4,67.2
2.1,87.9,54.8,58.9
9.7,80.3,63.2,88.4
9.2,87.8,75.5,89.4
7.3,52.4,83.8,78.2
3.4,74.5,85.7,72.7
9.7,73.3,62.7,81.5
8.0,92.2,63.6,81.9
7.5,70.5,79.0,84.0
5.0,66.2,52.3,57.1
3.5,80.2,81.1,71.5
1.9,59.7,62.2,51.7
9.1,52.7,41.4,63.3
5.1,71.3,39.0,58.2
2.8,67.9,81.3,66.1
3.8,57.8,38.1,44.6
6.2,65.2,50.4,61.8
2.6,65.2,53.4,51.5
8.7,63.0,44.5,67.1
7.8,65.9,52.3,59.7
7.5,82.7,75.8,79.6
4.9,61.3,35.8,46.4
6.6,97.2,80.5,79.0
6.3,95.4,82.1,82.5
6.8,71.5,55.5,64.1
1.8,63.1,43.4,43.8
4.7,74.4,68.0,71.3
1.4,91.7,41.6,49.7
5.4,80.9,55.1,62.2
4.0,89.2,87.7,79.9
2.3,74.3,89.8,75.3
1.9,79.8,77.5,63.5
6.3,60.8,52.1,58.0
2.5,85.4,72.8,69.0
9.3,56.1,73.8,78.0
6.2,83.2,56.3,70.7
4.1,92.3,70.2,72.4
6.3,52.3,35.6,52.2
1.2,78.8,46.5,45.6
9.6,50.2,63.9,72.8
5.3,84.9,44.0,60.0
8.0,49.6,44.1,54.7
1.7,96.5,81.0,67.6
5.4,52.6,89.4,76.6
5.4,97.7,65.6,74.2
9.4,89.0,81.1,88.7
6.1,77.7,89.5,83.3
5.3,88.0,42.8,64.3
3.4,88.7,59.7,57.4
4.0,97.0,56.6,62.2
5.7,58.9,39.4,49.4
5.0,77.5,76.5,78.3
1.2,50.2,58.9,47.7
8.4,78.9,60.8,78.3
9.1,54.4,43.3,58.9
2.3,76.1,45.0,46.9
6.0,76.5,84.9,82.0
2.0,70.6,37.5,44.3
7.1,73.7,47.8,66.1
3.5,87.0,51.1,59.1
6.9,89.0,62.0,76.1
7.5,72.1,67.3,75.3
7.9,78.0,62.1,77.3
2.0,96.2,39.6,54.8
9.2,51.6,48.4,59.5
3.1,51.4,81.4,57.0
1.3,49.8,70.1,55.6
6.0,81.2,70.7,78.4
4.3,68.0,71.9,64.0
8.5,87.6,77.0,81.2
8.3,81.9,38.2,65.6
3.9,63.4,55.2,59.1
9.6,94.4,64.7,91.1
3.6,86.9,53.6,62.8
5.6,59.9,81.4,72.0
3.3,65.0,61.5,55.5
9.4,62.3,77.3,82.4
2.5,53.7,81.9,62.1
1.4,53.1,62.8,47.1
4.9,96.5,85.0,89.4
9.9,69.1,67.3,86.1
9.0,66.1,81.8,88.0
7.7,85.1,53.7,69.5
9.0,75.4,62.4,80.1
9.0,96.5,64.2,86.2
5.7,87.9,40.8,62.3
3.8,71.4,56.9,62.8
7.9,65.7,85.5,85.2
7.0,99.3,69.7,84.5
4.4,84.5,44.8,60.3
1.9,97.3,53.6,60.4
7.7,51.5,45.5,53.4
3.4,91.8,36.4,53.7
9.4,80.0,86.0,90.1
3.2,51.7,59.7,49.4
2.1,77.4,51.9,58.5
8.5,82.7,67.9,86.1
2.4,45.7,35.4,41.3
2.6,70.0,50.3,52.8
6.4,90.4,73.7,84.1
8.9,61.2,69.9,77.0
2.8,70.2,89.0,72.6
3.8,69.3,69.1,61.3
