Date,Open,High,Low,Close,Volume
2022-12-06,15.3,15.47,15.05,15.18,218015914
2022-12-07,15.23,15.27,14.92,15.14,185318803
2022-12-08,15.38,15.52,15.06,15.37,335932033
2022-12-09,15.85,15.97,15.78,15.91,89374000
2022-12-12,15.91,16.23,15.6,15.84,233076547
2022-12-13,15.81,16.18,15.56,15.77,224054561
2022-12-14,16.43,16.47,16.27,16.34,106692695
2022-12-15,16.7,17.1,16.37,16.63,213392237
2022-12-16,16.58,16.8,16.35,16.48,168727676
2022-12-19,16.63,16.82,16.42,16.69,138520537
2022-12-20,16.66,16.71,16.48,16.53,112421800
2022-12-21,16.39,16.61,16.18,16.38,116623055
2022-12-22,16.68,17.02,16.34,16.48,307375315
2022-12-23,15.74,16.09,15.42,15.81,150035852
2022-12-26,15.39,15.43,15.2,15.23,197232018
2022-12-27,15.08,15.12,14.89,15.06,113729237
2022-12-28,14.68,14.89,14.5,14.74,114169794
2022-12-29,14.81,14.97,14.54,14.85,219056563
2022-12-30,14.54,14.67,14.33,14.57,93530129
2023-01-02,14.17,14.28,13.89,14.14,129711204
2023-01-03,14.66,14.95,14.32,14.61,151797119
2023-01-04,14.5,14.89,14.18,14.55,155962517
2023-01-05,14.58,14.74,14.46,14.58,140886224
2023-01-06,14.33,14.65,13.95,14.14,172288813
2023-01-09,14.13,14.26,13.69,13.99,191164594
2023-01-10,14.07,14.24,13.69,14.03,193980654
2023-01-11,13.7,13.78,13.39,13.69,106229724
2023-01-12,13.83,14.05,13.68,13.82,135799700
2023-01-13,13.7,14.03,13.57,13.65,227876153
2023-01-16,13.49,13.78,13.31,13.57,205154183
2023-01-17,13.38,13.53,13.13,13.4,92771036
2023-01-18,13.83,14.2,13.65,13.97,169635710
2023-01-19,14.01,14.07,13.8,13.98,75057647
2023-01-20,13.72,14.03,13.38,13.67,152484432
2023-01-23,13.89,14.11,13.75,13.93,291445711
2023-01-24,13.7,13.86,13.28,13.57,107648667
2023-01-25,13.54,13.85,13.4,13.64,112013816
2023-01-26,12.96,13.29,12.85,13.08,195986487
2023-01-27,12.73,12.76,12.56,12.71,87413939
2023-01-30,12.86,13.08,12.53,12.78,120201684
2023-01-31,13.13,13.22,12.94,13.0,184821351
2023-02-01,13.02,13.29,12.95,13.06,120137299
2023-02-02,13.12,13.39,12.72,13.03,138109354
2023-02-03,12.95,13.22,12.89,12.96,194629994
2023-02-06,12.54,12.73,12.36,12.55,173847142
2023-02-07,12.43,12.6,12.18,12.37,164682887
2023-02-08,12.3,12.35,12.09,12.25,133212086
2023-02-09,12.43,12.8,12.23,12.55,170742518
2023-02-10,12.77,12.86,12.57,12.65,143642684
2023-02-13,12.28,12.44,12.01,12.18,176067467
2023-02-14,12.23,12.38,12.11,12.28,126053835
2023-02-15,12.21,12.27,11.98,12.19,140714941
2023-02-16,12.05,12.25,11.96,12.02,106075389
2023-02-17,12.21,12.24,12.01,12.19,148173314
2023-02-20,12.44,12.71,12.37,12.48,112931901
2023-02-21,12.69,12.86,12.6,12.75,101567036
2023-02-22,12.52,12.54,12.44,12.52,164213382
2023-02-23,12.54,12.7,12.38,12.45,161595163
2023-02-24,12.59,12.62,12.29,12.55,197283366
2023-02-27,12.8,12.93,12.7,12.83,128990833
2023-02-28,12.77,13.0,12.41,12.71,173028062
2023-03-01,12.45,12.7,12.15,12.67,181892243
2023-03-02,12.46,12.72,12.19,12.37,175266229
2023-03-03,11.93,12.07,11.88,12.06,112354213
2023-03-06,12.26,12.37,12.14,12.29,158050169
2023-03-07,12.58,12.91,12.33,12.67,170389057
2023-03-08,12.56,12.77,12.44,12.66,150377343
2023-03-09,13.04,13.09,12.91,12.95,72267037
2023-03-10,13.03,13.19,12.84,13.07,158666840
2023-03-13,12.92,13.02,12.62,12.89,325388924
2023-03-14,13.0,13.28,12.74,13.01,132240409
2023-03-15,13.5,13.62,13.39,13.46,116257587
2023-03-16,13.47,13.74,13.23,13.46,170939089
2023-03-17,13.84,14.26,13.75,13.95,167329959
2023-03-20,13.25,13.41,13.09,13.18,227714488
2023-03-21,13.39,13.73,13.09,13.43,96580942
2023-03-22,13.34,13.6,13.24,13.46,193759632
2023-03-23,13.35,13.71,13.25,13.39,184432402
2023-03-24,13.54,13.59,13.41,13.42,142719905
2023-03-27,12.93,13.15,12.58,12.86,168877880
2023-03-28,12.78,12.97,12.53,12.81,215066097
2023-03-29,12.89,13.05,12.69,12.92,203556921
2023-03-30,13.33,13.57,13.08,13.36,100542300
2023-03-31,13.38,13.62,13.15,13.22,199874697
2023-04-03,13.02,13.04,12.84,12.99,146642005
2023-04-04,12.89,12.96,12.74,12.86,153875099
2023-04-05,13.21,13.45,13.09,13.13,153892489
2023-04-06,13.26,13.48,13.07,13.24,142316044
2023-04-07,13.08,13.41,12.77,13.1,227632598
2023-04-10,13.24,13.51,13.21,13.26,145668575
2023-04-11,13.29,13.61,13.18,13.29,101371719
2023-04-12,13.59,13.83,13.51,13.59,130699375
2023-04-13,13.45,13.56,13.3,13.39,159681059
2023-04-14,13.31,13.36,13.01,13.31,230640557
2023-04-17,13.26,13.52,13.04,13.2,185252254
2023-04-18,12.79,13.01,12.63,12.8,111380018
2023-04-19,12.9,12.92,12.64,12.89,357970923
2023-04-20,12.82,13.1,12.76,12.98,164565168
2023-04-21,13.06,13.37,12.82,12.99,234398357
2023-04-24,12.96,13.13,12.78,12.93,142242769
2023-04-25,12.62,12.76,12.35,12.54,180785460
2023-04-26,12.22,12.59,11.92,12.44,201230148
2023-04-27,12.51,12.58,12.11,12.35,229752683
2023-04-28,12.14,12.27,12.01,12.15,217177328
2023-05-01,12.2,12.32,11.86,12.12,203548487
2023-05-02,12.16,12.26,12.09,12.23,134337452
2023-05-03,12.81,13.06,12.74,12.76,122795967
2023-05-04,12.74,12.96,12.66,12.82,168518902
2023-05-05,12.86,13.17,12.74,12.9,207935954
2023-05-08,13.04,13.32,12.72,12.89,138751289
2023-05-09,12.36,12.45,12.16,12.37,217771311
2023-05-10,12.39,12.6,12.09,12.37,249398284
2023-05-11,12.46,12.62,12.24,12.4,108844795
2023-05-12,13.14,13.43,12.93,13.1,111912022
2023-05-15,13.07,13.15,13.03,13.06,142808421
2023-05-16,13.18,13.41,13.13,13.15,167051095
2023-05-17,13.34,13.55,12.97,13.15,124840489
2023-05-18,12.83,12.93,12.68,12.83,240785436
2023-05-19,13.18,13.24,12.89,13.17,174000590
2023-05-22,13.48,13.71,13.33,13.4,152085332
2023-05-23,13.73,13.99,13.62,13.64,90746232
2023-05-24,13.48,13.59,13.23,13.38,94641849
2023-05-25,13.87,14.1,13.72,13.81,165502869
2023-05-26,13.31,13.55,13.28,13.41,71109918
2023-05-29,13.72,13.97,13.34,13.59,213803717
2023-05-30,14.17,14.36,14.12,14.27,141922544
2023-05-31,14.0,14.31,13.76,13.98,466714552
2023-06-01,13.75,13.92,13.65,13.81,336435341
2023-06-02,13.85,13.99,13.78,13.86,140770107
2023-06-05,13.74,13.77,13.58,13.71,144519918
2023-06-06,13.29,13.34,13.0,13.26,212531204
2023-06-07,13.33,13.51,13.16,13.3,272256791
2023-06-08,13.12,13.22,12.75,13.0,84548482
2023-06-09,13.18,13.46,13.09,13.15,80270636
2023-06-12,12.87,12.91,12.62,12.89,120653537
2023-06-13,13.43,13.56,13.26,13.35,183937025
2023-06-14,13.23,13.35,12.91,13.13,178491512
2023-06-15,12.95,13.07,12.77,13.05,218122166
2023-06-16,13.34,13.4,12.99,13.3,98567457
2023-06-19,13.01,13.15,12.82,12.95,66685326
2023-06-20,13.0,13.19,12.97,13.03,202540580
2023-06-21,13.53,13.67,13.4,13.42,112254273
2023-06-22,12.95,13.14,12.68,12.96,74007359
2023-06-23,13.04,13.23,12.85,13.03,157812497
2023-06-26,13.1,13.13,12.84,13.11,197995991
2023-06-27,13.35,13.51,13.26,13.35,143726946
2023-06-28,12.92,13.31,12.8,13.0,127790008
2023-06-29,12.53,12.81,12.51,12.64,141862533
2023-06-30,12.92,13.14,12.49,12.79,131753312
2023-07-03,12.82,13.0,12.61,12.89,93580198
2023-07-04,12.89,13.22,12.59,12.97,116803969
2023-07-05,12.91,13.34,12.82,13.08,180022755
2023-07-06,12.85,13.07,12.65,12.9,167875525
2023-07-07,12.87,13.29,12.65,12.97,159087796
2023-07-10,13.2,13.25,12.95,13.07,105882853
2023-07-11,12.95,12.97,12.6,12.87,140767442
2023-07-12,13.37,13.69,13.05,13.42,70011710
2023-07-13,13.76,14.04,13.27,13.58,159668872
2023-07-14,13.31,13.36,12.99,13.23,247332971
2023-07-17,13.41,13.54,13.31,13.44,89540321
2023-07-18,12.97,13.18,12.87,13.16,122187971
2023-07-19,13.59,13.7,13.08,13.4,168312549
2023-07-20,13.65,14.03,13.63,13.76,232555804
2023-07-21,13.39,13.71,13.15,13.53,128221171
2023-07-24,13.91,14.04,13.58,13.83,117724562
2023-07-25,14.17,14.31,13.74,13.96,75302414
2023-07-26,14.35,14.36,13.88,14.23,155530000
2023-07-27,14.9,15.02,14.72,14.85,306544186
2023-07-28,14.83,15.08,14.64,14.78,165291528
2023-07-31,14.62,14.98,14.51,14.55,148834902
2023-08-01,14.34,14.65,14.11,14.28,167899250
2023-08-02,14.06,14.08,13.93,14.04,149418798
2023-08-03,14.03,14.35,13.89,14.02,112852342
2023-08-04,14.13,14.42,13.84,14.14,200093201
2023-08-07,14.17,14.52,13.84,14.24,162333332
2023-08-08,14.49,14.68,14.41,14.51,150927551
2023-08-09,14.38,14.68,14.24,14.53,106618515
2023-08-10,15.0,15.13,14.65,15.01,236716463
2023-08-11,14.85,14.97,14.81,14.94,189290193
2023-08-14,15.76,15.97,15.71,15.87,123607719
2023-08-15,16.12,16.23,16.02,16.1,212996129
2023-08-16,15.95,16.15,15.57,15.81,126025655
2023-08-17,15.54,15.84,15.39,15.46,114083891
2023-08-18,15.49,15.83,15.11,15.64,114977815
2023-08-21,15.48,15.61,15.3,15.57,80701833
2023-08-22,15.92,16.3,15.62,15.83,176916014
2023-08-23,15.91,16.39,15.8,16.01,79022655
2023-08-24,15.97,16.31,15.78,16.0,97580721
2023-08-25,15.77,16.16,15.45,15.71,72543000
2023-08-28,15.12,15.42,14.83,15.21,145548723
2023-08-29,15.08,15.45,14.79,15.07,142312185
2023-08-30,15.25,15.42,15.02,15.37,133792704
2023-08-31,15.4,15.61,15.05,15.46,104139682
2023-09-01,15.08,15.18,14.74,15.05,99519487
2023-09-04,14.98,15.21,14.69,15.12,176472445
2023-09-05,15.3,15.37,15.23,15.26,123710247
2023-09-06,14.98,15.22,14.96,14.98,167563218
2023-09-07,15.09,15.39,14.95,15.04,110034973
2023-09-08,15.09,15.32,14.82,15.07,159813459
2023-09-11,14.83,14.9,14.55,14.71,236697417
2023-09-12,14.85,15.16,14.68,14.84,184157859
2023-09-13,15.0,15.28,14.66,15.04,129838381
2023-09-14,15.42,15.58,15.06,15.41,164129365
2023-09-15,15.84,16.11,15.43,15.79,137882584
2023-09-18,15.33,15.44,15.2,15.33,150414280
2023-09-19,15.03,15.17,14.76,15.03,133843529
2023-09-20,15.14,15.56,15.03,15.21,141615830
2023-09-21,15.33,15.52,15.25,15.39,161558606
2023-09-22,15.45,15.77,15.37,15.58,105949201
2023-09-25,17.15,17.54,16.82,16.97,105117387
2023-09-26,17.07,17.51,16.88,17.2,92263203
2023-09-27,17.58,17.7,17.21,17.65,85673229
2023-09-28,17.96,18.12,17.89,18.04,97962656
2023-09-29,18.41,18.44,17.97,18.32,158609811
2023-10-02,18.17,18.5,17.92,18.2,109745018
2023-10-03,18.66,18.88,18.38,18.52,179540418
2023-10-04,18.15,18.3,17.92,18.23,151833588
2023-10-05,18.18,18.61,18.0,18.15,75313456
2023-10-06,17.88,18.21,17.6,17.97,188646849
2023-10-09,18.25,18.37,17.81,18.01,199221011
2023-10-10,18.84,19.22,18.74,18.97,105930514
2023-10-11,18.26,18.57,18.15,18.22,173764743
2023-10-12,18.58,18.64,18.25,18.51,111147807
2023-10-13,17.93,18.06,17.48,17.88,155216346
2023-10-16,17.69,18.07,17.53,17.71,96357077
2023-10-17,18.14,18.37,17.81,18.16,80081753
2023-10-18,18.2,18.46,17.89,18.2,131190344
2023-10-19,17.77,17.99,17.35,17.78,143642871
2023-10-20,17.62,17.66,17.16,17.52,130509680
2023-10-23,18.04,18.12,17.54,17.8,99109430
2023-10-24,17.47,17.73,17.18,17.53,130408342
2023-10-25,17.48,17.73,17.09,17.63,164825684
2023-10-26,17.65,17.7,17.46,17.66,147661535
2023-10-27,17.69,18.07,17.27,17.42,159893929
2023-10-30,18.19,18.73,18.17,18.28,118640151
2023-10-31,18.73,19.11,18.16,18.55,226045558
2023-11-01,17.93,18.32,17.4,17.76,99382359
2023-11-02,17.78,17.96,17.72,17.84,177910639
2023-11-03,17.66,18.08,17.34,17.6,226851853
2023-11-06,18.12,18.23,17.73,17.95,177496896
2023-11-07,17.61,18.07,17.54,17.65,139735564
2023-11-08,17.6,18.06,17.17,17.62,124677615
2023-11-09,17.77,18.15,17.66,17.83,215565750
2023-11-10,18.08,18.63,18.03,18.19,91157982
2023-11-13,17.66,17.99,17.39,17.73,106814298
2023-11-14,17.48,17.74,17.16,17.61,130515249
2023-11-15,17.45,17.65,17.41,17.44,231322793
2023-11-16,17.13,17.47,16.84,17.21,171323565
2023-11-17,17.93,17.98,17.66,17.9,106892032
2023-11-20,17.91,18.37,17.85,18.08,134562341
2023-11-21,17.63,18.07,17.51,17.6,120979631
2023-11-22,18.06,18.16,17.71,17.97,117004119
2023-11-23,18.62,19.22,18.47,18.85,211293178
2023-11-24,19.34,19.78,18.84,19.29,92807290
2023-11-27,18.81,19.26,18.29,18.67,263409167
2023-11-28,18.36,18.94,17.91,18.49,200440147
2023-11-29,19.22,19.48,18.89,19.03,219738209
2023-11-30,18.8,19.26,18.3,18.75,127562503
2023-12-01,18.87,19.31,18.65,18.95,142331101
2023-12-04,19.28,19.38,19.1,19.29,90833863
2023-12-05,18.98,19.22,18.87,18.92,124836321
2023-12-06,18.92,19.26,18.86,18.91,178290544
2023-12-07,17.68,17.8,17.31,17.62,236100453
2023-12-08,17.15,17.52,16.94,17.24,101812247
2023-12-11,17.18,17.47,17.05,17.16,131987631
2023-12-12,16.57,16.79,16.31,16.71,142263442
2023-12-13,17.32,17.58,17.2,17.33,92029490
2023-12-14,16.72,17.14,16.47,16.81,184492263
2023-12-15,16.59,16.88,16.43,16.66,116423997
2023-12-18,16.85,16.87,16.37,16.72,140084900
2023-12-19,17.39,17.41,16.92,17.27,128054123
2023-12-20,16.81,16.97,16.54,16.75,113791385
2023-12-21,17.09,17.6,16.92,17.2,149630593
2023-12-22,17.18,17.33,17.02,17.22,139097057
2023-12-25,16.98,17.26,16.52,16.86,131694524
2023-12-26,17.06,17.17,16.9,17.05,116241942
2023-12-27,17.37,17.53,17.03,17.14,167749019
2023-12-28,16.96,17.33,16.87,16.92,267575384
2023-12-29,16.98,17.3,16.76,16.96,157526835
2024-01-01,16.8,16.89,16.59,16.83,212571131
2024-01-02,16.9,17.09,16.53,16.89,92208988
2024-01-03,17.14,17.18,17.03,17.15,158515407
2024-01-04,17.85,18.07,17.59,17.78,102161652
2024-01-05,17.41,17.7,16.96,17.31,89452840
2024-01-08,18.07,18.23,17.7,18.16,115798927
2024-01-09,17.27,17.55,17.09,17.41,227647882
2024-01-10,17.17,17.55,16.97,17.36,209168643
2024-01-11,17.66,18.07,17.46,17.6,163315995
2024-01-12,17.61,18.17,17.2,17.73,87723524
2024-01-15,17.27,17.54,17.21,17.5,140041256
2024-01-16,17.48,17.81,17.03,17.43,166705752
2024-01-17,17.52,17.69,16.96,17.26,159504633
2024-01-18,17.05,17.23,16.82,17.05,78673591
2024-01-19,17.47,17.81,17.36,17.39,109839921
2024-01-22,17.55,17.95,17.32,17.54,146673360
2024-01-23,17.28,17.7,17.09,17.29,180971057
2024-01-24,17.74,18.01,17.56,17.65,69546149
2024-01-25,17.75,17.95,17.45,17.78,141725473
2024-01-26,18.14,18.51,17.68,18.12,157701241
2024-01-29,18.42,18.55,18.12,18.38,201945829
2024-01-30,17.99,18.33,17.67,18.07,191164716
2024-01-31,17.96,18.14,17.81,17.86,183926322
2024-02-01,18.15,18.47,17.95,18.17,113369921
2024-02-02,18.35,18.55,18.28,18.43,76925278
2024-02-05,18.49,18.6,18.15,18.44,130721202
2024-02-06,18.4,18.92,17.97,18.5,212981739
2024-02-07,19.04,19.11,18.72,19.04,244287150
2024-02-08,18.81,19.06,18.75,18.81,192352087
2024-02-09,19.18,19.3,18.87,19.05,174322072
2024-02-12,19.04,19.07,18.71,18.98,171315891
2024-02-13,18.9,18.94,18.7,18.91,123469446
2024-02-14,19.48,19.58,18.98,19.39,143324915
2024-02-15,19.92,20.36,19.35,19.76,269026430
2024-02-16,20.2,20.35,19.81,20.13,107849851
2024-02-19,20.73,21.23,20.53,20.73,263962717
2024-02-20,20.6,21.07,20.45,20.76,134011476
2024-02-21,20.95,21.33,20.88,21.09,238539885
2024-02-22,20.92,21.28,20.73,20.96,91675029
2024-02-23,21.05,21.41,20.82,21.13,184140999
2024-02-26,21.06,21.49,20.7,21.09,115904403
2024-02-27,21.16,21.32,20.79,21.15,91404231
2024-02-28,21.51,21.72,21.39,21.44,161923209
2024-02-29,21.07,21.55,20.85,21.08,213566961
2024-03-01,22.15,22.68,21.97,22.09,111598297
2024-03-04,21.63,22.12,21.52,21.62,88763870
2024-03-05,20.82,21.3,20.39,21.07,145254826
2024-03-06,21.51,22.06,21.47,21.63,145479172
2024-03-07,22.01,22.3,21.77,22.03,181734560
2024-03-08,22.19,22.64,22.08,22.35,209137806
2024-03-11,22.76,22.9,22.18,22.68,146912912
2024-03-12,22.9,23.25,22.37,22.69,287166289
2024-03-13,22.43,22.55,22.12,22.27,162246608
2024-03-14,22.29,22.52,22.0,22.32,132871967
2024-03-15,22.21,22.68,21.6,22.01,85335173
2024-03-18,22.52,22.66,21.96,22.5,136825236
2024-03-19,22.4,22.51,22.26,22.45,133339680
2024-03-20,21.98,22.12,21.49,22.06,209923246
2024-03-21,21.89,22.44,21.37,21.92,176355979
2024-03-22,22.09,22.43,21.58,22.14,99271259
2024-03-25,21.91,22.15,21.53,21.89,159321524
2024-03-26,21.53,21.97,21.17,21.51,189743128
2024-03-27,21.65,22.1,21.41,21.64,256068828
2024-03-28,21.84,22.03,21.36,21.78,204641912
2024-03-29,21.71,22.09,21.26,21.56,195768262
2024-04-01,21.47,21.89,20.98,21.35,153187918
2024-04-02,21.29,21.84,21.04,21.48,171836680
2024-04-03,20.5,20.92,20.12,20.82,232284289
2024-04-04,20.31,20.76,19.78,20.2,94081667
2024-04-05,19.74,20.18,19.65,19.9,132731929
2024-04-08,19.8,19.98,19.38,19.82,114461237
2024-04-09,19.83,20.2,19.56,19.97,171286721
2024-04-10,20.43,20.69,19.99,20.65,230721892
2024-04-11,21.13,21.21,20.82,21.06,121716466
2024-04-12,21.1,21.51,20.79,21.0,64976701
2024-04-15,20.94,21.03,20.46,21.01,129847155
2024-04-16,20.25,20.8,20.11,20.57,206510467
2024-04-17,20.51,20.86,20.07,20.58,181055888
2024-04-18,20.51,20.56,20.21,20.46,174251643
2024-04-19,20.44,21.13,20.17,20.63,135997654
2024-04-22,20.29,20.42,20.1,20.27,95868219
2024-04-23,20.52,20.69,20.21,20.52,179646010
2024-04-24,21.31,21.49,21.05,21.24,112015433
2024-04-25,21.22,21.36,21.17,21.21,322166712
2024-04-26,21.29,21.43,21.13,21.41,183151342
2024-04-29,21.91,22.32,21.73,21.76,122413956
2024-04-30,21.56,22.11,21.03,21.58,121104094
2024-05-01,21.7,21.85,21.18,21.71,145198942
2024-05-02,21.61,22.1,21.38,21.73,137938732
2024-05-03,21.74,22.2,21.33,21.79,221744787
2024-05-06,21.33,21.9,21.13,21.44,160113182
2024-05-07,21.45,21.71,21.08,21.47,116113038
2024-05-08,21.95,22.13,21.28,21.73,290699339
2024-05-09,22.26,22.65,21.74,22.45,152611154
2024-05-10,22.72,23.36,22.48,22.95,196316701
2024-05-13,24.29,24.79,23.6,24.08,121238055
2024-05-14,23.67,23.82,23.49,23.69,170327961
2024-05-15,24.08,24.41,23.48,24.17,167255701
2024-05-16,24.44,25.0,24.25,24.29,77420998
2024-05-17,25.42,26.03,25.02,25.51,303682146
2024-05-20,25.35,25.98,24.66,25.08,235653111
2024-05-21,24.74,25.21,24.21,24.64,130531807
2024-05-22,24.27,24.59,24.17,24.34,101986544
2024-05-23,23.55,23.9,22.7,23.24,169403231
2024-05-24,22.91,23.38,22.79,23.0,154621390
2024-05-27,22.73,22.8,22.27,22.63,169884607
2024-05-28,22.77,23.09,22.58,22.73,160402676
2024-05-29,23.1,23.51,22.72,22.92,179077673
2024-05-30,24.12,24.25,23.56,23.9,248935117
2024-05-31,24.43,24.91,24.16,24.43,182997303
2024-06-03,24.03,24.5,23.91,24.14,103882023
2024-06-04,23.75,24.32,23.56,23.68,241660123
2024-06-05,23.86,24.01,23.6,23.96,266360429
2024-06-06,23.57,23.75,22.85,23.29,452078189
2024-06-07,24.29,24.66,23.72,24.27,101231743
2024-06-10,24.87,25.13,24.8,24.93,163308981
2024-06-11,24.72,25.17,24.43,24.69,72377881
2024-06-12,23.61,24.25,23.52,23.8,182042012
2024-06-13,24.39,24.62,24.36,24.54,123812111
2024-06-14,24.67,25.0,24.08,24.49,294076907
2024-06-17,25.09,25.52,24.7,25.19,114379292
2024-06-18,24.19,24.58,24.07,24.34,83048205
2024-06-19,24.12,24.68,23.88,24.04,127191393
2024-06-20,24.24,24.74,24.03,24.06,75129596
2024-06-21,24.21,24.64,23.6,24.11,195101532
2024-06-24,24.03,24.47,23.31,23.89,72810212
2024-06-25,24.13,24.53,24.03,24.24,151501488
2024-06-26,23.49,24.24,23.34,23.7,72486559
2024-06-27,23.85,24.27,23.12,23.64,134092661
2024-06-28,23.68,24.16,23.13,23.72,266618193
2024-07-01,23.97,24.53,23.71,24.01,170180911
2024-07-02,24.6,24.79,24.36,24.41,110876008
2024-07-03,23.91,24.4,23.79,23.83,148370729
2024-07-04,23.12,23.25,22.72,23.06,150948874
2024-07-05,24.04,24.27,23.49,23.74,176983395
2024-07-08,23.84,24.15,23.8,23.93,92966095
2024-07-09,23.69,24.27,23.2,23.56,184570931
2024-07-10,24.4,24.93,24.36,24.39,58212390
2024-07-11,24.52,24.95,23.99,24.48,120322507
2024-07-12,25.37,25.84,24.93,25.14,126436404
2024-07-15,25.27,25.64,25.15,25.2,187222862
2024-07-16,26.47,27.1,25.99,26.39,151192837
2024-07-17,27.62,27.98,27.16,27.45,91715209
2024-07-18,27.26,27.6,26.6,27.32,106259870
2024-07-19,27.79,28.07,27.4,27.93,160801920
2024-07-22,28.18,28.92,27.96,28.35,145905875
2024-07-23,28.9,29.79,28.38,29.24,122479277
2024-07-24,29.01,29.3,28.44,28.65,126766076
2024-07-25,28.92,29.16,28.26,29.11,191386337
2024-07-26,29.78,30.45,29.48,29.82,125141224
2024-07-29,28.67,28.75,28.26,28.71,145445778
2024-07-30,28.05,28.55,27.94,28.0,320573987
2024-07-31,26.92,27.58,26.49,26.79,91135405
2024-08-01,26.79,27.1,26.09,26.65,78452264
2024-08-02,27.0,27.28,26.46,27.1,197332806
2024-08-05,28.0,28.53,27.83,28.03,118286567
2024-08-06,28.15,28.73,27.92,28.1,134189389
2024-08-07,29.11,29.56,28.51,29.15,114117721
2024-08-08,28.57,29.26,27.64,28.3,136962236
2024-08-09,27.36,27.42,27.19,27.28,262466546
2024-08-12,27.39,27.75,26.95,27.27,198617378
2024-08-13,27.63,28.14,27.27,27.52,202839195
2024-08-14,27.72,28.32,26.92,27.52,91373529
2024-08-15,26.35,26.49,26.24,26.32,100256458
2024-08-16,26.09,26.82,25.93,26.29,55531907
2024-08-19,25.63,26.0,25.08,25.57,112995953
2024-08-20,25.87,26.24,25.81,25.97,209658792
2024-08-21,26.12,26.31,25.78,26.2,179749924
2024-08-22,25.77,26.34,25.39,25.68,138809938
2024-08-23,25.6,25.73,25.19,25.42,148833792
2024-08-26,24.85,25.06,24.59,24.85,117863285
2024-08-27,24.88,25.08,24.49,24.84,161144407
2024-08-28,25.64,26.2,25.26,25.38,196113327
2024-08-29,24.89,25.32,24.49,24.86,85206261
2024-08-30,25.55,26.06,24.64,25.16,166586048
2024-09-02,24.97,25.14,24.41,24.88,207885510
2024-09-03,24.21,24.86,24.1,24.47,129716356
2024-09-04,24.55,24.91,24.32,24.44,191690196
2024-09-05,23.96,24.46,23.73,23.9,401723623
2024-09-06,23.82,24.36,23.41,23.63,144620824
2024-09-09,23.13,23.16,22.79,23.04,172137359
2024-09-10,24.05,24.49,23.64,24.07,115852208
2024-09-11,23.94,24.17,23.88,24.11,159823998
2024-09-12,23.73,24.1,23.69,23.76,176219497
2024-09-13,23.77,24.08,23.52,23.89,160586078
2024-09-16,23.77,24.05,23.35,23.85,104977068
2024-09-17,23.84,24.07,23.62,23.76,161234836
2024-09-18,24.34,24.73,23.7,24.1,250235849
2024-09-19,24.58,24.8,24.35,24.52,175503293
2024-09-20,24.09,24.71,23.55,24.26,210046893
2024-09-23,24.04,24.29,23.43,23.97,138058996
2024-09-24,24.02,24.08,23.65,23.85,195019660
2024-09-25,22.61,23.14,22.46,22.69,165402026
2024-09-26,21.94,22.13,21.71,21.96,107535017
2024-09-27,22.65,22.91,22.5,22.65,167690102
2024-09-30,23.39,23.91,22.99,23.5,106010851
2024-10-01,23.49,23.7,22.91,23.39,120196415
2024-10-02,23.69,23.77,23.29,23.71,160276460
2024-10-03,23.95,24.19,23.4,23.89,166445976
2024-10-04,25.45,26.19,25.18,25.59,98929149
2024-10-07,26.18,26.68,26.05,26.25,216920367
2024-10-08,26.31,26.76,25.71,26.2,183247462
2024-10-09,25.61,26.09,25.37,25.67,117211540
2024-10-10,25.06,25.2,24.38,24.8,87573690
2024-10-11,24.87,25.21,24.68,24.93,142582202
2024-10-14,24.57,25.04,24.47,24.54,128323573
2024-10-15,23.94,24.02,23.21,23.8,156059048
2024-10-16,23.28,23.66,23.17,23.48,132098051
2024-10-17,22.71,23.13,22.15,22.95,74293643
2024-10-18,23.62,24.11,23.04,23.84,130936682
2024-10-21,24.51,25.11,23.84,24.32,134783340
2024-10-22,24.26,24.4,23.85,24.34,187244762
2024-10-23,25.55,25.89,24.79,25.16,117479682
2024-10-24,25.14,25.36,24.59,25.23,269932365
2024-10-25,24.8,25.4,24.58,24.77,76827381
2024-10-28,25.88,25.97,25.33,25.64,237351916
2024-10-29,26.28,26.56,25.55,25.97,138673694
2024-10-30,25.71,26.2,25.12,25.4,202651954
2024-10-31,25.5,25.95,25.03,25.31,154248635
2024-11-01,25.0,25.28,24.63,24.85,223515269
2024-11-04,24.21,24.44,23.77,24.13,130981829
2024-11-05,24.76,25.02,24.11,24.64,102116890
2024-11-06,25.63,25.91,25.48,25.72,246610900
2024-11-07,24.84,25.11,24.26,24.96,144159030
2024-11-08,25.29,25.61,24.85,25.29,162094704
2024-11-11,24.93,25.14,24.41,24.95,231087970
2024-11-12,24.64,24.9,24.29,24.71,104527579
2024-11-13,24.51,24.92,23.92,24.41,184759893
2024-11-14,24.1,24.69,23.93,23.97,122018433
2024-11-15,24.02,24.39,23.51,24.01,143219156
2024-11-18,23.8,23.87,23.55,23.59,153843050
2024-11-19,23.59,23.82,23.06,23.75,88726414
2024-11-20,23.72,24.31,23.13,23.75,114210396
2024-11-21,23.54,23.83,23.35,23.64,240690242
2024-11-22,22.93,23.27,22.79,23.19,204547906
2024-11-25,22.91,23.27,22.46,22.92,146747209
2024-11-26,23.3,23.69,23.14,23.32,163322782
2024-11-27,23.81,24.21,23.08,23.6,135321092
2024-11-28,23.2,23.37,23.03,23.11,241154903
2024-11-29,23.04,23.21,22.95,23.18,139841815
2024-12-02,23.85,24.43,23.01,23.59,162679177
2024-12-03,22.92,23.08,22.37,22.76,224022354
2024-12-04,23.13,23.53,22.56,23.05,114268995
2024-12-05,22.7,23.14,22.5,22.73,258840361
2024-12-06,22.91,23.4,22.51,23.04,87792300
2024-12-09,22.62,22.87,22.28,22.67,265339473
2024-12-10,21.95,22.12,21.47,21.81,131656839
2024-12-11,21.3,21.62,20.69,21.06,137784480
2024-12-12,21.29,21.76,20.78,21.1,77411220
2024-12-13,21.17,21.74,20.93,21.23,127926661
2024-12-16,20.69,20.91,20.54,20.83,104240737
2024-12-17,21.16,21.26,20.73,21.14,121262676
2024-12-18,20.19,20.89,20.06,20.4,142961656
2024-12-19,20.43,20.81,20.03,20.39,209738676
2024-12-20,19.85,20.31,19.72,19.87,161304916
2024-12-23,19.55,19.72,19.23,19.6,167054836
2024-12-24,19.45,19.93,19.08,19.64,102227784
2024-12-25,19.34,19.69,19.16,19.28,110208206
2024-12-26,19.08,19.47,19.03,19.14,281515934
2024-12-27,19.44,19.79,19.36,19.58,115968074
2024-12-30,19.02,19.38,18.72,19.35,267818143
2024-12-31,19.72,20.02,19.3,19.72,137767003
2025-01-01,19.46,19.6,19.22,19.26,150120164
2025-01-02,19.69,19.92,19.13,19.5,218167496
2025-01-03,20.09,20.62,19.9,20.14,234111533
2025-01-06,19.02,19.29,18.78,19.09,144293713
2025-01-07,18.83,19.23,18.34,18.77,130941443
2025-01-08,18.92,19.13,18.75,19.03,147092720
2025-01-09,18.99,19.32,18.73,18.96,168834750
2025-01-10,19.22,19.69,19.11,19.13,204914247
2025-01-13,19.03,19.1,18.84,18.89,150222232
2025-01-14,18.93,18.97,18.8,18.94,186278990
2025-01-15,18.87,19.11,18.84,18.89,266150303
2025-01-16,19.3,19.46,18.99,19.4,171416052
2025-01-17,19.43,19.9,19.21,19.53,167287484
2025-01-20,19.66,20.14,19.38,19.69,88147937
2025-01-21,19.57,19.79,19.42,19.53,59732708
2025-01-22,19.44,19.58,19.18,19.33,171840513
2025-01-23,19.07,19.38,18.75,19.17,145103432
2025-01-24,19.52,19.88,18.88,19.35,125268741
2025-01-27,19.15,19.21,19.11,19.18,163346035
2025-01-28,19.32,19.62,18.89,19.32,146862090
2025-01-29,20.15,20.56,19.85,20.24,222595980
2025-01-30,20.35,20.99,20.05,20.65,154589636
2025-01-31,20.63,20.77,20.25,20.52,115493256
2025-02-03,21.18,21.56,21.03,21.08,212128766
2025-02-04,20.88,20.98,20.81,20.91,139023004
2025-02-05,20.02,20.14,19.7,20.01,180354279
2025-02-06,19.65,20.08,19.41,19.59,126918042
2025-02-07,18.64,19.17,18.21,18.81,119485602
2025-02-10,18.62,18.71,18.42,18.68,154484562
2025-02-11,18.8,18.93,18.62,18.71,150675018
2025-02-12,19.28,19.54,18.93,19.42,177429750
2025-02-13,19.62,19.76,19.42,19.58,136538862
2025-02-14,19.34,19.64,19.08,19.5,78878553
2025-02-17,19.93,19.98,19.52,19.88,128916439
2025-02-18,18.94,19.18,18.52,18.95,198040540
2025-02-19,18.88,19.42,18.5,19.06,135172760
2025-02-20,19.54,19.84,19.07,19.4,137606904
2025-02-21,18.72,19.12,18.39,18.8,211847583
2025-02-24,19.2,19.35,18.74,19.29,116914706
2025-02-25,19.48,19.94,19.29,19.45,87413887
2025-02-26,19.42,19.83,19.27,19.29,141799544
2025-02-27,19.46,19.97,19.31,19.58,126617965
2025-02-28,20.6,21.03,20.47,20.6,106959374
2025-03-03,20.75,21.23,20.35,20.7,141069522
2025-03-04,20.91,21.21,20.49,20.83,178156480
2025-03-05,20.65,20.77,20.32,20.63,149513142
2025-03-06,20.22,20.59,20.19,20.27,167014171
2025-03-07,20.55,21.05,20.17,20.66,282966350
2025-03-10,20.3,20.68,20.11,20.29,133037054
2025-03-11,20.2,20.61,19.86,20.34,165348822
2025-03-12,19.79,20.19,19.5,20.14,125513160
2025-03-13,20.42,20.62,20.18,20.37,111542913
2025-03-14,20.65,21.12,20.45,20.54,122231601
2025-03-17,20.73,21.34,20.66,21.03,126858183
2025-03-18,20.68,21.1,20.25,20.81,170111111
2025-03-19,20.78,20.93,20.22,20.7,341317052
2025-03-20,20.53,20.73,19.94,20.28,116748271
2025-03-21,20.1,20.55,20.03,20.1,129647138
2025-03-24,20.19,20.62,19.98,20.28,146722381
2025-03-25,20.61,21.05,20.23,20.64,172287551
2025-03-26,20.4,20.65,19.84,20.24,164494655
2025-03-27,20.57,20.98,20.49,20.65,235113604
2025-03-28,21.19,21.44,21.16,21.29,64161161
2025-03-31,21.44,21.88,21.05,21.5,65053489
2025-04-01,22.3,22.68,22.08,22.42,126100339
2025-04-02,22.08,22.34,21.91,22.06,220233943
2025-04-03,21.69,22.05,21.46,21.48,86717740
2025-04-04,20.72,21.2,20.39,20.68,52350630
2025-04-07,21.35,21.44,20.89,21.38,183194437
2025-04-08,21.67,22.16,21.15,21.71,163353297
2025-04-09,21.5,21.88,21.19,21.7,102417987
2025-04-10,21.97,22.23,21.56,21.85,106239548
2025-04-11,21.33,21.37,21.26,21.34,106828526
2025-04-14,22.51,22.72,22.19,22.53,155916819
2025-04-15,23.05,23.35,22.39,22.62,120472913
2025-04-16,22.73,22.78,22.34,22.69,178316072
2025-04-17,22.97,23.37,22.73,23.07,55230534
2025-04-18,23.28,23.88,23.12,23.34,111134051
2025-04-21,23.63,23.72,23.39,23.47,101141083
2025-04-22,23.1,23.55,22.89,23.09,137128172
2025-04-23,23.14,23.6,23.07,23.34,124252847
2025-04-24,24.49,24.89,24.22,24.35,198319748
2025-04-25,25.0,25.28,24.38,25.1,78246760
2025-04-28,26.31,26.44,25.72,26.02,152407417
2025-04-29,25.92,26.04,25.39,25.75,182372817
2025-04-30,25.15,25.28,24.59,25.21,287281306
2025-05-01,25.36,25.5,24.54,25.16,126724723
2025-05-02,25.23,25.65,24.84,25.22,168038951
2025-05-05,25.98,26.56,25.32,25.85,79780835
2025-05-06,25.0,25.51,24.71,24.93,64939146
2025-05-07,25.67,26.25,25.45,25.8,201604191
2025-05-08,25.63,25.82,25.36,25.73,149708368
2025-05-09,25.67,25.87,25.07,25.51,226583773
2025-05-12,24.92,25.18,24.49,24.97,92753392
2025-05-13,24.04,24.26,23.83,24.09,179935965
2025-05-14,24.41,24.88,24.31,24.55,288507631
2025-05-15,24.68,25.02,24.22,24.61,173735192
2025-05-16,24.24,24.47,23.85,23.94,165246586
2025-05-19,23.14,23.51,22.8,23.29,150449867
2025-05-20,23.14,23.62,22.73,23.14,86559045
2025-05-21,24.23,24.71,23.59,24.02,241069632
2025-05-22,23.89,24.11,23.44,23.9,121126459
2025-05-23,23.21,23.74,22.64,23.15,178967537
2025-05-26,22.89,23.59,22.59,23.04,86797106
2025-05-27,22.98,23.18,22.5,22.92,99268113
2025-05-28,21.59,21.82,21.25,21.62,247872842
2025-05-29,21.74,22.02,21.49,21.61,132831245
2025-05-30,21.67,22.18,21.48,21.52,249455791
2025-06-02,22.21,22.69,21.69,21.87,145948608
2025-06-03,22.87,22.95,22.53,22.79,78725811
2025-06-04,23.43,23.67,23.01,23.38,204969042
2025-06-05,23.29,23.62,22.77,23.26,122018537
2025-06-06,22.67,23.02,22.54,22.72,191555269
2025-06-09,24.11,24.25,23.97,24.06,151329427
2025-06-10,24.07,24.64,23.49,24.11,87404250
2025-06-11,24.17,24.58,24.05,24.14,158878293
2025-06-12,24.34,24.85,23.85,24.15,323536971
2025-06-13,24.13,24.8,23.76,24.27,178248840
2025-06-16,24.38,24.84,23.88,24.22,147010509
2025-06-17,24.12,24.4,23.86,23.93,218547959
2025-06-18,23.65,24.03,23.59,23.66,161478055
2025-06-19,23.36,23.78,23.28,23.67,161413964
2025-06-20,23.32,23.8,22.97,23.4,102367213
2025-06-23,23.24,23.36,22.73,23.06,162793431
2025-06-24,23.13,23.54,22.97,23.13,215517150
2025-06-25,22.88,23.17,22.51,23.02,111945656
2025-06-26,23.74,23.9,23.25,23.81,246955666
2025-06-27,22.59,22.71,22.44,22.48,145261880
2025-06-30,23.12,23.15,22.75,23.05,109937933
2025-07-01,23.67,24.14,23.26,23.71,212683792
2025-07-02,22.62,23.09,22.46,22.67,135674320
2025-07-03,22.46,22.82,22.27,22.51,195677032
2025-07-04,22.23,22.46,21.88,22.35,135438785
2025-07-07,21.89,21.96,21.2,21.68,146891782
2025-07-08,21.29,21.37,20.86,21.33,178284638
2025-07-09,20.99,21.09,20.52,20.84,166076622
2025-07-10,21.87,22.36,21.27,21.67,74604376
2025-07-11,22.27,22.42,21.92,22.14,101311505
2025-07-14,22.73,23.0,22.36,22.79,207665536
2025-07-15,23.23,23.31,22.89,23.17,143220798
2025-07-16,22.62,22.76,22.49,22.62,124877010
2025-07-17,22.26,22.68,21.86,22.38,93236044
2025-07-18,22.68,23.04,22.31,22.64,102794061
2025-07-21,21.9,22.21,21.69,22.06,73921651
2025-07-22,22.58,22.64,21.91,22.42,144775901
2025-07-23,22.26,22.55,22.23,22.32,121654144
2025-07-24,22.18,22.33,21.97,22.16,106946587
2025-07-25,22.56,22.7,22.47,22.52,146465820
2025-07-28,22.73,23.31,22.29,22.76,170378939
2025-07-29,22.68,23.04,22.2,22.6,312078441
2025-07-30,23.14,23.54,22.93,23.2,88365011
2025-07-31,22.79,23.04,22.29,22.68,225071619
2025-08-01,22.82,23.26,22.58,23.0,210865574
2025-08-04,23.34,23.67,22.88,23.32,114200175
2025-08-05,23.45,23.87,22.91,23.18,161058536
2025-08-06,23.23,23.79,22.98,23.37,127799631
2025-08-07,22.66,22.87,22.13,22.75,160072413
2025-08-08,23.31,23.61,23.08,23.24,254380492
2025-08-11,23.19,23.44,23.07,23.16,185415170
2025-08-12,22.97,23.47,22.57,22.92,179226115
2025-08-13,23.54,23.92,22.9,23.47,129027689
2025-08-14,23.22,23.54,22.9,23.13,89229835
2025-08-15,22.59,22.68,22.39,22.44,139445162
2025-08-18,21.76,22.09,21.5,21.7,228822855
2025-08-19,21.98,22.1,21.69,22.01,87893560
2025-08-20,21.5,21.7,21.31,21.42,103684643
2025-08-21,22.53,22.63,21.9,22.28,156777719
2025-08-22,21.28,21.67,20.75,21.3,106272454
2025-08-25,22.0,22.26,21.74,22.13,113664609
2025-08-26,22.39,22.63,22.03,22.25,129331100
2025-08-27,22.2,22.72,21.97,22.22,93006483
2025-08-28,21.68,22.1,21.6,21.97,106664953
2025-08-29,22.29,22.59,21.69,22.18,191873262
2025-09-01,22.11,22.43,21.87,22.18,94922034
2025-09-02,22.73,22.78,22.5,22.74,85745194
2025-09-03,22.86,23.32,22.44,22.82,120316593
2025-09-04,22.94,23.0,22.65,22.91,193798647
2025-09-05,22.85,23.13,22.37,22.75,140009833
2025-09-08,22.68,23.07,22.62,22.74,127489233
2025-09-09,22.98,23.35,22.44,22.91,152347009
2025-09-10,22.05,22.47,21.53,22.08,81421363
2025-09-11,21.55,21.7,21.1,21.45,178356128
2025-09-12,21.91,21.93,21.3,21.83,171543616
2025-09-15,21.8,22.33,21.7,21.93,129979575
2025-09-16,22.0,22.3,21.58,21.85,213301972
2025-09-17,21.81,22.34,21.47,21.88,101090045
2025-09-18,22.17,22.63,21.74,22.07,222606010
2025-09-19,21.87,22.34,21.59,21.82,158334213
2025-09-22,21.71,21.98,21.27,21.47,133331950
2025-09-23,21.55,21.77,21.46,21.58,148960254
2025-09-24,21.09,21.56,20.87,21.14,144472998
2025-09-25,21.34,21.6,21.24,21.35,229920663
2025-09-26,20.54,20.69,20.16,20.58,102904111
2025-09-29,21.17,21.62,20.94,21.07,114864544
2025-09-30,21.1,21.77,21.04,21.3,215581991
2025-10-01,21.3,21.7,21.0,21.44,121777799
2025-10-02,21.79,21.99,21.45,21.93,205577249
2025-10-03,22.89,23.13,22.26,22.76,271900961
2025-10-06,23.53,24.01,22.95,23.29,130321833
2025-10-07,22.37,22.89,22.17,22.39,190397141
2025-10-08,21.76,21.91,21.32,21.78,100167420
2025-10-09,21.51,21.57,21.2,21.5,195349829
2025-10-10,21.68,22.16,21.47,21.53,160843797
2025-10-13,21.68,22.02,21.36,21.8,177008666
2025-10-14,21.5,21.8,20.98,21.47,119663671
2025-10-15,21.7,22.23,21.35,21.57,83869003
2025-10-16,21.3,21.36,21.06,21.24,178890433
2025-10-17,20.99,21.34,20.88,20.97,72853034
2025-10-20,20.47,20.53,20.25,20.35,134231057
2025-10-21,19.63,20.15,19.41,19.95,208522916
2025-10-22,19.46,19.86,19.09,19.38,160420661
2025-10-23,18.91,19.2,18.86,18.99,296650660
2025-10-24,19.23,19.93,18.78,19.45,214739034
2025-10-27,19.12,19.4,18.7,19.06,119315453
2025-10-28,20.38,20.56,19.91,20.21,151440828
2025-10-29,20.43,20.58,20.01,20.45,147533541
2025-10-30,20.67,20.86,20.49,20.55,86217521
2025-10-31,20.38,20.58,19.93,20.18,107931381
2025-11-03,20.67,20.73,20.18,20.51,123269002
2025-11-04,20.47,20.67,19.85,20.27,73549460
2025-11-05,20.43,20.68,19.94,20.34,152514245
2025-11-06,21.55,21.94,21.37,21.54,137477483
2025-11-07,21.3,21.87,20.8,21.51,83523032
2025-11-10,22.04,22.48,21.96,22.08,172795669
2025-11-11,21.65,21.78,21.17,21.76,192710826
2025-11-12,22.04,22.18,21.23,21.76,162405673
2025-11-13,22.62,23.02,22.5,22.64,133915825
2025-11-14,22.36,22.65,21.94,22.35,184498262
2025-11-17,23.35,23.38,23.23,23.27,190321057
2025-11-18,23.66,24.15,23.4,23.66,167038870
2025-11-19,23.62,24.09,23.07,23.39,112395174
2025-11-20,23.64,24.07,23.29,23.73,165247700
2025-11-21,24.29,24.36,23.7,24.27,227933409
2025-11-24,24.51,25.1,24.09,24.62,121731174
2025-11-25,23.61,24.16,23.32,23.8,312596762
2025-11-26,23.36,23.91,22.88,23.44,124794011
2025-11-27,23.33,23.78,22.77,23.33,151711053
2025-11-28,23.26,23.79,23.22,23.32,118541763
2025-12-01,23.56,23.97,22.98,23.65,162191881
2025-12-02,23.57,23.87,23.49,23.77,81520759
2025-12-03,23.09,23.49,22.61,23.1,123905684
2025-12-04,23.1,23.68,22.92,23.31,102349443
2025-12-05,23.75,24.2,23.55,23.64,157276234
2025-12-08,23.97,24.09,23.68,23.96,212446857
2025-12-09,24.34,24.69,23.94,24.55,188055561
2025-12-10,24.98,25.59,24.73,25.03,65402109
2025-12-11,25.19,25.78,25.13,25.3,306543500
2025-12-12,25.33,25.91,24.89,25.28,166331581
2025-12-15,24.59,25.06,23.84,24.39,114303889
2025-12-16,24.37,25.02,24.12,24.65,158480263
2025-12-17,24.8,25.21,24.63,24.78,159541125
2025-12-18,24.92,25.5,24.63,24.95,118775866
2025-12-19,24.37,24.74,24.22,24.28,160758964
2025-12-22,23.75,24.14,23.23,23.72,121270064
2025-12-23,24.19,24.41,23.69,24.3,130204800
2025-12-24,24.25,24.6,23.88,24.3,117970854
2025-12-25,24.57,25.13,24.33,24.68,90849141
2025-12-26,24.88,25.07,24.22,24.72,157855184
2025-12-29,24.76,24.9,24.4,24.76,184102026
2025-12-30,25.58,25.8,24.77,25.29,179620187
2025-12-31,25.02,25.2,24.61,25.03,199858403
2026-01-01,24.99,25.25,24.5,25.1,168031988
2026-01-02,24.64,25.14,24.26,24.87,124484519
2026-01-05,24.38,25.21,24.12,24.65,201243908
2026-01-06,24.27,24.82,23.69,24.5,93270526
2026-01-07,24.68,24.82,24.3,24.64,109442610
2026-01-08,24.48,24.55,24.02,24.4,107036004
2026-01-09,24.87,25.55,24.71,25.11,218908736
2026-01-12,24.77,25.02,24.24,24.64,208640207
2026-01-13,24.48,25.06,24.12,24.55,177894757
2026-01-14,24.36,24.77,24.21,24.34,218287007
2026-01-15,25.39,25.9,25.08,25.15,110264973
2026-01-16,25.41,25.6,24.88,25.27,169464520
2026-01-19,25.83,26.33,25.33,25.88,143570218
2026-01-20,24.93,25.25,24.59,25.06,201752970
2026-01-21,24.91,25.83,24.75,25.23,144071083
2026-01-22,25.64,26.17,25.2,25.75,131092775
2026-01-23,25.79,26.04,25.71,25.82,181263772
2026-01-26,26.29,26.65,25.99,26.45,203831669
2026-01-27,26.15,26.32,26.02,26.17,118713671
2026-01-28,27.03,27.51,26.87,27.02,146827555
2026-01-29,28.4,28.62,28.24,28.44,103563098
2026-01-30,28.13,28.67,27.84,28.24,62571752
2026-02-02,28.01,28.22,27.92,27.99,160902109
2026-02-03,29.0,29.49,28.61,28.92,185629391
2026-02-04,29.77,30.58,29.37,29.97,164409238
2026-02-05,29.9,30.49,29.27,29.65,75814433
2026-02-06,29.38,29.96,29.08,29.4,132666438
2026-02-09,29.24,29.4,28.62,29.24,69007388
2026-02-10,28.53,28.62,28.28,28.41,242264639
2026-02-11,27.9,28.4,27.5,27.86,102566994
2026-02-12,27.43,27.7,27.21,27.28,232764347
2026-02-13,26.89,27.19,26.77,26.84,208865325
2026-02-16,26.74,26.89,26.35,26.84,109445714
2026-02-17,27.06,27.26,26.61,27.0,100903090
2026-02-18,27.77,28.01,27.16,27.96,169569838
2026-02-19,27.39,28.0,26.98,27.38,111622415
2026-02-20,27.99,28.19,27.32,28.0,155478105
2026-02-23,27.85,28.29,27.79,27.89,126677645
2026-02-24,27.86,27.93,27.77,27.88,80417341
2026-02-25,28.0,28.8,27.94,28.32,68715272
2026-02-26,27.56,27.89,27.41,27.65,162385766
2026-02-27,27.92,28.55,27.52,27.91,123234627
2026-03-02,28.06,28.69,27.57,28.03,123600409
2026-03-03,28.19,28.61,28.13,28.36,191365964
2026-03-04,28.78,29.43,27.89,28.56,226182023
2026-03-05,30.02,30.93,29.38,30.17,136352663
2026-03-06,29.95,30.57,29.54,29.78,133143267
2026-03-09,29.53,30.16,29.37,29.45,178695878
2026-03-10,28.96,29.28,28.82,29.08,93289526
2026-03-11,29.05,29.48,28.63,28.75,162185195
2026-03-12,28.17,28.44,28.05,28.37,181961546
2026-03-13,29.31,29.4,28.75,29.14,190321713
2026-03-16,30.27,31.03,29.89,30.09,76155084
2026-03-17,29.62,30.0,29.34,29.74,114911348
2026-03-18,29.47,30.03,28.5,29.23,110304327
2026-03-19,29.51,30.16,29.0,29.55,155336810
2026-03-20,29.27,29.9,28.53,29.22,177486739
2026-03-23,29.7,30.44,29.52,29.65,253277046
2026-03-24,29.79,30.01,29.48,29.81,126140627
2026-03-25,29.0,29.05,28.44,28.86,126025582
2026-03-26,30.02,30.35,29.79,29.88,224308088
2026-03-27,30.78,31.24,30.75,31.11,166407104
2026-03-30,30.96,31.0,30.19,30.72,233764295
2026-03-31,30.18,30.77,29.68,30.48,165950590
2026-04-01,30.89,31.5,30.36,30.7,100047440
2026-04-02,31.16,31.61,30.55,30.95,94070111
2026-04-03,31.22,31.69,30.88,31.42,87147841
2026-04-06,32.79,33.42,32.74,32.87,189114648
2026-04-07,32.55,32.99,32.26,32.77,227384901
2026-04-08,32.18,32.27,32.01,32.23,286549714
2026-04-09,31.23,31.89,31.12,31.29,201486455
2026-04-10,30.96,31.45,30.07,30.81,225344151
2026-04-13,31.06,31.66,30.34,30.81,122441036
2026-04-14,32.35,32.41,31.49,32.08,100071983
2026-04-15,31.64,32.41,31.37,31.74,201978864
2026-04-16,31.89,32.43,31.55,31.93,173612109
2026-04-17,31.62,32.4,31.41,31.94,155748234
2026-04-20,32.65,33.34,32.54,32.81,171780124
2026-04-21,34.92,35.68,34.53,34.72,167964091
2026-04-22,34.67,35.2,33.65,34.34,235090652
2026-04-23,33.75,34.51,33.17,34.0,236011433
2026-04-24,34.69,35.68,34.2,34.82,181474004
2026-04-27,35.37,36.05,34.93,35.37,201676776
2026-04-28,36.93,37.36,36.02,36.87,179568578
2026-04-29,37.19,38.05,37.09,37.37,127641542
2026-04-30,37.2,37.59,36.82,37.11,195475085
2026-05-01,37.52,37.87,37.17,37.63,92071184
2026-05-04,38.58,39.18,37.82,38.59,216913213
2026-05-05,39.45,40.37,38.34,39.32,98746135
2026-05-06,39.79,40.72,39.52,39.79,165780801
2026-05-07,40.66,41.15,39.77,40.77,111589996
2026-05-08,41.84,42.44,40.96,41.87,182057293
2026-05-11,43.17,43.46,42.89,43.19,148229457
2026-05-12,43.75,44.94,43.29,43.85,85838764
2026-05-13,43.66,44.8,43.18,43.72,173795646
2026-05-14,44.32,45.06,42.83,43.9,122530872
2026-05-15,45.27,46.19,44.88,45.12,204187082
2026-05-18,44.27,45.15,43.38,44.35,150069614
2026-05-19,44.93,45.62,44.34,44.75,172264767
2026-05-20,44.31,44.5,43.48,44.4,107284711
2026-05-21,44.77,45.31,43.97,44.46,122042459
2026-05-22,45.87,46.65,45.08,45.76,127754668
2026-05-25,45.96,46.79,45.0,45.99,202447615
2026-05-26,46.2,46.66,45.14,46.08,269809802
2026-05-27,44.33,45.81,43.37,44.75,113162538
2026-05-28,45.22,45.76,45.11,45.53,218663090
2026-05-29,45.89,46.82,45.08,46.22,70192972
2026-06-01,48.55,49.41,48.3,48.51,98757663
2026-06-02,48.72,49.59,47.69,48.22,107239305
2026-06-03,49.14,49.96,47.81,48.5,93434182
2026-06-04,48.99,49.36,48.28,48.8,86174934
2026-06-05,50.72,50.96,49.88,50.56,173327854
2026-06-08,49.95,51.32,48.71,50.5,139172142
2026-06-09,50.69,51.63,50.47,50.85,171301846
2026-06-10,51.33,51.85,50.45,51.58,191005215
2026-06-11,51.64,52.76,51.09,51.83,164613654
2026-06-12,51.31,51.98,51.1,51.36,188830994
2026-06-15,51.48,52.5,51.23,51.63,146393615
2026-06-16,52.27,54.02,51.03,52.9,99006708
2026-06-17,51.99,52.26,50.62,51.76,217211222
2026-06-18,51.62,52.03,50.45,51.96,122051861
2026-06-19,51.28,52.29,49.93,51.2,108112958
2026-06-22,53.26,54.1,52.29,52.61,140944195
2026-06-23,50.63,51.82,50.15,50.92,108978593
2026-06-24,49.57,51.4,48.72,50.33,129610611
2026-06-25,50.71,51.82,50.07,50.79,169195384
2026-06-26,52.96,54.24,52.03,52.62,169449492
2026-06-29,53.2,53.94,52.08,52.58,109551501
2026-06-30,51.6,52.65,50.81,51.98,126461563
2026-07-01,54.39,54.96,53.42,54.22,218470686
2026-07-02,52.42,52.81,52.16,52.57,178461936
2026-07-03,50.09,50.86,49.47,50.12,310104103
2026-07-06,51.46,51.85,49.93,50.65,226711924
2026-07-07,49.68,51.29,48.95,50.14,223886195
2026-07-08,49.14,49.87,48.76,49.06,92284971
2026-07-09,50.01,50.77,48.93,49.87,195974866
2026-07-10,50.51,50.99,50.1,50.18,147237644
2026-07-13,49.63,49.74,49.13,49.6,123691636
2026-07-14,48.35,48.44,47.31,48.26,159085320
2026-07-15,49.12,49.79,48.41,49.24,208817221
2026-07-16,50.07,50.22,49.62,49.99,178738948
2026-07-17,49.81,50.69,48.93,49.92,110296198
2026-07-20,52.22,53.38,51.27,52.03,194512399
2026-07-21,50.75,51.99,49.72,50.86,119998549
2026-07-22,49.33,50.16,48.3,49.22,161818346
2026-07-23,48.51,48.81,47.75,48.51,134890423
2026-07-24,48.83,49.89,47.89,48.5,138938599
2026-07-27,48.79,49.89,48.58,48.8,196138361
2026-07-28,48.07,48.86,47.72,48.58,104226612
2026-07-29,49.37,50.3,48.46,49.0,296324035
2026-07-30,47.45,48.08,46.72,47.71,79301351
2026-07-31,49.09,50.29,48.44,49.29,121686930
2026-08-03,49.06,50.47,48.67,49.24,170751529
2026-08-04,50.92,51.01,50.45,50.5,184038551
2026-08-05,50.27,52.07,49.63,50.93,144816698
2026-08-06,52.45,53.29,51.08,51.48,147017047
2026-08-07,52.5,53.78,51.2,52.17,173179360
2026-08-10,52.8,53.44,52.65,52.73,138346440
2026-08-11,53.51,54.67,52.7,53.53,244263786
2026-08-12,55.25,55.39,53.86,55.16,201221739
2026-08-13,55.61,56.12,55.15,55.44,203593186
2026-08-14,56.58,56.72,55.66,56.36,106962728
2026-08-17,56.48,57.86,56.11,56.29,145889479
2026-08-18,58.18,59.38,57.22,58.15,135026656
2026-08-19,57.27,58.57,56.46,57.34,105496187
2026-08-20,59.65,61.11,59.01,59.7,170152102
2026-08-21,59.63,59.88,58.82,59.7,124270330
2026-08-24,58.29,58.89,56.59,57.89,188675127
2026-08-25,58.31,58.47,57.77,58.1,103138036
2026-08-26,56.27,57.63,56.19,57.29,273773058
2026-08-27,58.63,59.01,57.14,58.4,109608931
2026-08-28,57.68,58.39,56.76,57.61,161966757
2026-08-31,57.09,57.52,55.81,57.1,197904789
2026-09-01,54.69,55.0,53.85,54.82,122843494
2026-09-02,54.68,54.96,53.21,54.32,202147841
2026-09-03,51.83,52.07,50.96,51.54,97555459
2026-09-04,49.58,51.03,48.64,49.81,249354726
2026-09-07,50.82,51.79,49.53,50.69,150744678
2026-09-08,51.32,52.87,50.56,51.62,121740447
2026-09-09,51.71,52.75,51.44,52.15,135087359
2026-09-10,50.9,51.48,50.52,51.09,199090010
2026-09-11,51.34,52.38,50.78,51.08,122250955
2026-09-14,51.41,51.86,50.76,51.11,115394893
2026-09-15,50.02,50.43,49.45,49.87,138808805
2026-09-16,51.81,52.15,50.85,51.59,99354926
2026-09-17,52.8,53.01,51.84,52.63,283673991
2026-09-18,52.22,52.79,51.63,52.42,123026181
2026-09-21,52.63,53.13,51.66,52.49,200677906
2026-09-22,53.03,53.94,52.62,52.78,161410340
2026-09-23,50.73,50.85,50.34,50.5,106276945
2026-09-24,50.62,50.93,50.01,50.26,149687703
2026-09-25,49.77,50.78,48.89,49.56,197361340
2026-09-28,48.62,48.84,48.22,48.51,140434870
2026-09-29,48.56,49.01,47.88,48.25,227744599
2026-09-30,50.23,51.33,49.7,50.24,214469102
2026-10-01,50.73,51.24,49.69,50.99,206904119
2026-10-02,50.35,50.55,50.28,50.4,127709151
2026-10-05,50.85,51.72,50.01,51.08,102790243
